Pid;﻿tipo;nombre;latitud;longitud;region;comuna;fecha apertura;1
4885268876749520864287905532657288955501589008698013204390827814739;2;SolarEdge Technologies, Inc.;-40.61124533;-71.9763994;Metropolitana de Santiago;Padre Hurtado;18-01-2012;1
853247010250757077569;2;Azul S.A.;-38.3712225;-72.54586882;VII del Maule;Curanilahue;08-02-1963;1
111512087786054;1;Franke;-46.57220413;-70.5754899;II de Antofagasta;Calama;09-04-2016;1
3046868522014439619603635686825845135553941833312231001001717932661256786455026920789389452128308193198910370722546801810815214657;3;AdvisorShares Market Adaptive Unconstrained Income ETF;-19.48757504;-73.46582409;XI de Aysen del General Carlos Ibañez del Campo;Chile Chico;06-10-1992;1
693213003518271226155711941208957441786591420241156049234251;2;Kilroy Realty Corporation;-45.98246139;-71.80516601;III de Atacama;Huasco;16-09-1962;1
6256864565531935855728404256938143657035132937848778305;2;Anheuser-Busch Inbev SA;-53.79350998;-69.22893626;II de Antofagasta;Antofagasta;23-05-1977;1
264830956467735582794442137045919604419064327235;3;Clifton Bancorp Inc.;-46.1348098;-73.54064138;V de Valparaiso;Valparaiso;26-02-1952;1
34485106890160439071007990099;1;San Geronimo;-50.93885489;-71.78372396;IV de Coquimbo;La Higuera;08-10-2018;1
27431068913462341;1;Elenita;-51.48257045;-69.73756147;II de Antofagasta;Ollague;16-12-1997;1
2037605366820433584451;1;Catamutun;-38.22877545;-74.53154567;XIV de Los Rios;Rio Bueno;10-04-2017;1
3273605853304081483564268764320360457922575666591034760758468296870131730869743189;3;United States Cellular Corporation;-46.84178722;-72.6409599;IV de Coquimbo;La Serena;05-02-1993;1
7310308984314814803;1;San Jose;-17.08866568;-70.75499991;III de Atacama;Vallenar;28-05-1982;1
8827881463201531311891931755337;1;Isla Guarello;-44.52950651;-74.49207624;XII de Magallanes y de la Antartica Chilena;Punta Arenas;28-02-1970;1
35708591673332332492506751308;1;Las Arenitas;-37.93703952;-73.48497148;VII del Maule;Curanilahue;25-09-1972;1
1138687001937047089161519099007558879761099130514074394960;2;Park-Ohio Holdings Corp.;-41.85811607;-72.68224325;IV de Coquimbo;Monte Patria;12-05-2002;1
838043098445844859792452803665437586913131562826382056008778477371674911415107676244;3;The Community Financial Corporation;-30.33028141;-74.2415504;Metropolitana de Santiago;Isla de Maipo;07-03-1968;1
6493636157912192824335069518961421294350357405563208009701698308261795679833046443370716295333944779086;2;National American University Holdings, Inc.;-44.82845024;-69.71109939;II de Antofagasta;Maria Elena;27-02-1959;1
67796724855734904116235488296280065801819889230151;2;Garrison Capital Inc.;-42.09990962;-69.28519278;II de Antofagasta;Antofagasta;06-09-1955;1
264830956467657597166574280896493169264731255361;3;Array BioPharma Inc.;-34.8282871;-69.65815707;II de Antofagasta;Taltal;22-12-2006;1
9620262968444304537636745672364352709684821;3;Unisys Corporation;-31.55130785;-68.11280481;I de Tarapaca;Huara;24-04-1976;1
1896070936231590555277072283632372032138761910438526437052655550494032;2;PureFunds ETFx HealthTech ETF;-18.30750076;-68.71016001;II de Antofagasta;Tocopilla;11-09-2016;1
1034495923700712436756504467207685287508343108;2;Dynex Capital, Inc.;-46.6250247;-71.20320602;II de Antofagasta;Calama;01-03-1957;1
1376588117101269599132859918655949796329751552014433310090663562063428071130423639;3;Walter Investment Management Corp.;-53.36045872;-71.65370501;III de Atacama;Copiapo;03-09-2012;1
1034495923700712997213361962789109642533238337;2;Avon Products, Inc.;-42.74645755;-71.60494713;II de Antofagasta;Tocopilla;16-02-1978;1
90117304700656941989432145975211525723723771523612132884903013177577863122136760413251;2;Clear Channel Outdoor Holdings, Inc.;-21.93420356;-71.74937316;V de Valparaiso;Quilpue;26-01-1989;1
573412356879967721559807400246268229;3;EQT Corporation;-24.4253265;-71.77113902;III de Atacama;Vallenar;19-08-1985;1
8826632690016629438678213415251;1;SQM - Mapocho;-31.96469031;-69.29279809;I de Tarapaca;Huara;08-06-1962;1
139486796904418663644488012;1;Las Cenizas;-37.70085343;-73.56228633;V de Valparaiso;Concon;23-02-1977;1
90117304700656941989432145975211525704747220959995553735531317826851695201829184827475;3;Sportsman's Warehouse Holdings, Inc.;-46.2616331;-71.64164013;III de Atacama;Huasco;30-03-1990;1
4885268876749520886261989761548048732878822546483129486263723124056;2;Xenia Hotels & Resorts, Inc.;-51.796099;-72.47764133;IV de Coquimbo;La Higuera;20-03-2002;1
214539033202136284106867917738549425349656984415889353222777040388458379660444790909260;3;Lions Gate Entertainment Corporation;-27.10631744;-70.2652307;III de Atacama;Diego de Almagro;15-10-1994;1
162879769294199834346296446223590848734961749552713;1;Inacesa - El Jilguero;-17.44733374;-70.47032369;III de Atacama;Huasco;12-09-1958;1
134740670723581692647206724;1;Don Alberto;-32.66658139;-73.34546353;IV de Coquimbo;Rio Hurtado;11-05-1979;1
7020105119142472013;1;Michilla;-27.48280116;-70.56344947;II de Antofagasta;Mejillones;03-02-1956;1
43569495812005152465702140217286569416827945306186061;3;Marine Petroleum Trust;-30.37095291;-69.93180455;II de Antofagasta;Ollague;28-04-2019;1
418464232788;1;Tuina;-45.29357894;-69.17026643;II de Antofagasta;Maria Elena;13-12-2007;1
139552725852307234238000713;1;Intracampos;-49.82821022;-74.30242654;XII de Magallanes y de la Antartica Chilena;Primavera;16-02-1979;1
45430407398573423077340737778976651632436120853655299101746750807;3;Westpac Banking Corporation;-31.50027707;-69.55187546;II de Antofagasta;Calama;10-03-1974;1
74543287303917249516115582940035147809852453280091144824056147;2;Silicon Laboratories, Inc.;-38.8201632;-70.50291327;IV de Coquimbo;Salamanca;07-04-2019;1
2977327179272907854796602591084697973091733881383838606900874368526917;2;E*TRADE Financial Corporation;-17.69804781;-70.47765396;III de Atacama;Vallenar;29-04-1990;1
4040999701961535017307904998644847238475604;2;Toll Brothers Inc.;-25.45210144;-74.98904326;VII del Maule;Los Alamos;05-06-1950;1
42795244291183288209199030826485598266604111700970819;1;CMP - Boqueron Chañar;-37.4788188;-71.47867599;III de Atacama;Caldera;13-12-1982;1
32779076240631120;1;Peckett;-38.13105043;-72.83364805;XII de Magallanes y de la Antartica Chilena;Cabo de Hornos;03-11-1953;1
45430407398573423077340737779070234904926055316128940289976978515;3;SL Green Realty Corporation;-23.08275252;-69.42137751;I de Tarapaca;Iquique;29-05-1987;1
74549711812567079533870074509469740564185348944179168065972291;2;Chunghwa Telecom Co., Ltd.;-16.07171874;-71.26601916;II de Antofagasta;Taltal;13-11-1959;1
940868561611488594740444851760966;2;Forterra, Inc.;-40.07139215;-70.8392399;II de Antofagasta;San Pedro de Atacama;16-10-2015;1
31359615487075666;1;Refugio;-38.87962997;-71.56971803;III de Atacama;Diego de Almagro;14-01-1979;1
10572965223519653088084313187272403579792375627272485996569033271363;3;China Lodging Group, Limited;-30.82234614;-68.38792591;I de Tarapaca;Huara;21-09-1950;1
19083081549802815990127429465001289758588749477311736380680072777;2;International Seaways, Inc.;-24.39457601;-72.24669649;XIV de Los Rios;Panguipulli;29-08-2010;1
4443126160139873595031980941464871648462074428624103750;2;Financial Engines, Inc.;-46.38747254;-70.75437214;I de Tarapaca;Camiña;18-06-1979;1
15457819052420249138888019332131795903480163159875015988080911238232078457211938779982630859172914427174193888392526;3;Nuveen Connecticut Quality Municipal Income Fund;-50.96642298;-70.49199065;III de Atacama;Tierra Amarilla;29-05-1955;1
7021227745659085132;1;La Coipa;-27.59189821;-71.20349032;III de Atacama;Diego de Almagro;11-02-1970;1
122476922302276;1;Dorado;-28.39381633;-73.986472;XII de Magallanes y de la Antartica Chilena;San Gregorio;15-12-1953;1
762195757893864410827930263317682681111483873634262685536564011002454349;2;Mackinac Financial Corporation;-43.64479261;-73.81374064;IV de Coquimbo;Ovalle;06-11-1988;1
17355961563046371905005410179108983619621309599149891;3;Cogentix Medical, Inc.;-19.95010196;-73.64662812;Metropolitana de Santiago;Maria Pinto;24-04-1975;1
2259300440646440902602807441515843;1;Cerro Colorado;-24.2080116;-68.50685053;I de Tarapaca;Pica;14-09-1955;1
10577590996067371004573241290412548950212691859193362756;2;Dynatronics Corporation;-18.63187163;-72.91612967;VIII del Bio-Bio;Santa Barbara;01-05-1964;1
3273777982958276932649040897973727912175122255801469965249667023384146;3;R.R. Donnelley & Sons Company;-29.11125862;-71.23158585;II de Antofagasta;Maria Elena;26-04-1966;1
30521787509862996;1;Trongol;-29.59632621;-73.03948187;VIII del Bio-Bio;Yumbel;21-06-2004;1
264830956467382283424192182591182327261568783430;2;FTI Consulting, Inc.;-47.14991504;-71.68093803;IV de Coquimbo;Combarbala;10-12-1996;1
161342007423697365943536683784282926665;1;Inacesa - El Way;-35.29287156;-71.086893;II de Antofagasta;Antofagasta;03-09-1974;1
352020721486940775987028318107512609202836546864195915147171197357301581819447503186;3;RiverNorth Opportunities Fund, Inc.;-31.26504384;-68.84962811;II de Antofagasta;Taltal;21-05-2017;1
22656974574000899948867853909651343410861359014745502486198906146889480501217362207746793411973573953;3;AmerisourceBergen Corporation (Holding Co);-51.24200404;-70.28150702;I de Tarapaca;Colchane;14-06-2004;1
17355961563046381271950383971414982424980159323928133;2;Evolving Systems, Inc.;-52.14362392;-72.16782523;IV de Coquimbo;Andacollo;21-01-1991;1
264830956467382526100053991821683480372439436629;2;UMH Properties, Inc.;-42.64166805;-69.65466815;II de Antofagasta;San Pedro de Atacama;09-12-1971;1
119165719769665;1;Arenal;-17.15562623;-72.95433214;XII de Magallanes y de la Antartica Chilena;Porvenir;20-04-2013;1
15785155092834838805117945327150861022547;2;Suncor EnergyInc.;-53.43772961;-72.02622649;III de Atacama;Freirina;18-09-1983;1
2292209110760376842116761816368012894511868580251166986689895226669804565313380982741757815877;2;Elkhorn Commodity Rotation Strategy ETF;-23.69506956;-69.47807235;I de Tarapaca;Iquique;02-08-1989;1
460235267258199555727692;1;La Patagua;-23.56366992;-72.74754506;V de Valparaiso;Juan Fernandez;07-11-1990;1
177462528900677433895862256949493105097367403578920043591918932;2;Terreno Realty Corporation;-51.05668234;-69.94491088;I de Tarapaca;Colchane;26-11-1995;1
1137440296995808163687763726931232649332585297930364020035;2;CenterPoint Energy, Inc.;-27.46471657;-71.45300923;II de Antofagasta;Mejillones;08-06-1982;1
74328297527373234460626979522781354625692614674554537025826373;2;Enel Generacion Chile S.A.;-29.99809319;-73.58981351;V de Valparaiso;Quintero;20-10-1957;1
4443126160139873592347787678569206919228304034542085189;2;Edge Therapeutics, Inc.;-42.71445035;-70.47732534;II de Antofagasta;Mejillones;31-03-1967;1
4040999701955909837145132985024820891905621;3;Under Armour, Inc.;-37.56572452;-72.73158473;III de Atacama;Caldera;25-05-2007;1
2036159419977866177605;1;El Volcan;-30.31364111;-73.4247602;Metropolitana de Santiago;Isla de Maipo;24-03-1960;1
526034371859246315760709;1;El Soldado;-21.53551614;-72.07976852;V de Valparaiso;Quilpue;16-04-2004;1
2239892019062373912342997657211979;2;KT Corporation;-17.99072303;-73.16470936;Metropolitana de Santiago;Talagante;12-02-1956;1
9141392271357131053571745661761;1;ACF - Lagunas;-33.13604943;-69.34122626;I de Tarapaca;Huara;05-09-1957;1
264830956467382424371079945372977502445288712518;3;First Hawaiian, Inc.;-37.35857076;-71.31032115;III de Atacama;Caldera;11-10-1987;1
161330646110834550300436472424432521627368633632807892795941202;3;Randgold Resources Limited;-48.17720516;-73.38634755;Metropolitana de Santiago;El Monte;30-10-1971;1
3760545176495263395923613041158054730058442557534004002213631878202338723886418508897256556873;1;III de Atacama Minerals - Aguas Blancas;-47.31394603;-71.23903468;II de Antofagasta;Sierra Gorda;19-11-1998;1
320160981107101930693438970707859436342255441878409805063562732093272661;2;Urstadt Biddle Properties Inc.;-47.18797047;-73.54860045;VII del Maule;Contulmo;16-07-1994;1
2129406161035570276419;1;Chimberos;-19.29980419;-70.51275141;III de Atacama;Chañaral;01-01-2016;1
4885689913348396124331703542120516402618105380888905032814087389514;3;JA Solar Holdings, Co., Ltd.;-38.70897824;-69.63632309;III de Atacama;Caldera;05-10-2017;1
578341457184131454243339722529197379;1;CMP - Algarrobo;-30.07242537;-71.8258599;III de Atacama;Alto del Carmen;30-05-1995;1
19083081549802815915908809940948032909304570957588474239843132489;2;Idera Pharmaceuticals, Inc.;-23.89837221;-68.22308586;I de Tarapaca;Pica;07-01-2008;1
134740689463050002559299405;1;Montecristo;-42.76191411;-71.15455864;II de Antofagasta;Antofagasta;08-06-1961;1
81961211163394046970574669849186543335082030991599522426216778731497025619;3;Special Opportunities Fund Inc.;-22.69430514;-71.58466488;V de Valparaiso;Quilpue;09-09-1968;1
146793563361271736719310694462959863617;2;AGCO Corporation;-51.31250495;-72.09715256;III de Atacama;Copiapo;23-04-1963;1
418347115852;1;Lenga;-19.85382799;-74.1091388;XII de Magallanes y de la Antartica Chilena;Natales;14-07-1980;1
418380543306;1;Julia;-30.42536025;-70.20419998;II de Antofagasta;Maria Elena;23-04-1966;1
264830956467382647955735150475802295368110597454;2;NextEra Energy, Inc.;-29.20278204;-73.96821118;VIII del Bio-Bio;Yumbel;06-04-1971;1
352020721486941100241177056806308203804087145767479238309185319167140950252189739332;3;Diamond Hill Investment Group, Inc.;-49.85799239;-72.76516535;XII de Magallanes y de la Antartica Chilena;Laguna Blanca;25-04-1999;1
2437859233234361550516950837579453677412514293520830980426;2;Jazz Pharmaceuticals plc;-23.34368456;-71.94105884;IV de Coquimbo;Punitaqui;08-12-2004;1
34165992880806104616875286860;1;Laguna Siren;-24.11799631;-69.35044973;I de Tarapaca;Iquique;30-04-1986;1
25365766241844503318385338978880883814658161379354503714235954748138293353542857562368984298390384213;2;Universal Stainless & Alloy Products, Inc.;-47.36444382;-73.38158073;VII del Maule;Cañete;22-01-1958;1
435761474625;1;Alhue;-41.28151908;-72.89936633;Metropolitana de Santiago;Padre Hurtado;27-04-1977;1
82051045721845000443182741686236870725533144251077586519135980067324784213;2;United Insurance Holdings Corp.;-23.96324697;-68.69023905;I de Tarapaca;Iquique;18-10-2011;1
30160741435007279638005508163;1;Chuquicamata;-29.63681473;-69.07867499;II de Antofagasta;Taltal;21-12-1963;1
9331678291209739598811366271292873912435329274275651917;1;Maganeso III de Atacama;-32.76774456;-72.94945547;IV de Coquimbo;Los Vilos;28-02-1954;1
8590183748071272332238774879059;1;SCL Chemetall;-47.20950153;-70.76035423;II de Antofagasta;Maria Elena;15-08-1964;1
74543287304020924878675967339218691426362611065859996788744519;3;Galectin Therapeutics Inc.;-54.87199607;-70.54691361;II de Antofagasta;Taltal;01-03-2017;1
855714971851506345305;3;Yelp Inc.;-43.11047715;-70.03352768;I de Tarapaca;Pica;24-06-1977;1
1250736617817121307248725749683796226143653223062290245339153894565955;2;China Mobile (Hong Kong) Ltd.;-32.31321107;-69.75707645;II de Antofagasta;Calama;21-06-1976;1
2128397922148711295312;1;Pirquitas;-38.73928048;-69.3541644;XV de Arica y Parinacota;Arica;06-04-2000;1
497976878903750940192579;1;Collahuasi;-43.76417517;-69.46927861;I de Tarapaca;Pica;22-08-2003;1
12788195245930769268165821573946592917951164789021546253364059071811;2;Central Garden & Pet Company;-33.00192116;-73.80536773;IV de Coquimbo;Los Vilos;27-10-1962;1
111481940238662;1;Faride;-30.49406062;-70.09795413;II de Antofagasta;Taltal;07-06-1997;1
117810821357954310891266381;1;Maria Elisa;-46.67054079;-72.97304111;VII del Maule;Contulmo;03-03-1997;1
693213003518271226155711941208398198836959887424412436950856;3;HollyFrontier Corporation;-39.14820194;-72.40334635;IV de Coquimbo;Paiguano;22-11-1983;1
17357457385530580657913985057602976730364449967531346;3;Recon Technology, Ltd.;-41.59030839;-69.17650406;II de Antofagasta;Antofagasta;09-11-1952;1
762235834952042655235040640930680894812065658880778053897546;3;JM Global Holding Company;-46.43036646;-71.41331194;II de Antofagasta;Calama;13-02-1957;1
526293851533376391767364;1;Del Fierro;-46.58411776;-73.65920956;VII del Maule;Cañete;01-08-2003;1
240862351772541357170057443878794568;3;Hub Group, Inc.;-41.73703364;-71.12153259;II de Antofagasta;Mejillones;02-08-1994;1
1999267629472295051597;1;Manantial;-45.37989704;-69.54898275;XV de Arica y Parinacota;Camarones;17-11-1957;1
2977327179272907854796602591082318680900678355780279247957386737316419;2;Credit Acceptance Corporation;-31.38911698;-69.24544403;II de Antofagasta;Taltal;02-06-1965;1
195105106086957505893380581954184622864661924998898494065921308847250608220548298601806;3;Nuveen AMT-Free Municipal Value Fund;-22.33954425;-71.6613863;III de Atacama;Huasco;18-11-2004;1
1137440296995807639641033645713716971322445832825712306509;2;Mirna Therapeutics, Inc.;-34.44832831;-73.48296944;XII de Magallanes y de la Antartica Chilena;Timaukel;23-07-1978;1
1034495923700713468573496731283045716377892171;2;Kura Oncology, Inc.;-25.22791263;-71.84278768;VI del Libertador General Bernardo O'Higgins;Codegua;26-12-1956;1
31810791648062922361665056324192176074533076621813165114565742557085111052614;2;First Trust Senior Loan Fund ETF;-45.77912208;-70.46570244;XV de Arica y Parinacota;Camarones;13-07-1986;1
15785155085765281259216358657526116674645;3;Ulta Beauty, Inc.;-24.78193519;-69.05397424;I de Tarapaca;Pica;04-09-1985;1
2462787319921741961635006892125549094176124739;2;Comcast Corporation;-23.3210794;-69.03344193;I de Tarapaca;Pica;21-01-1999;1
9142634957485421265498225733452;1;Los Pelambres;-42.32243113;-71.80459968;IV de Coquimbo;Monte Patria;19-04-1972;1
27431107585076289;1;Algorta;-53.10318907;-70.05907216;II de Antofagasta;Antofagasta;07-10-1959;1
56080136395248212082057793;3;AbbVie Inc.;-47.65017997;-69.83986866;I de Tarapaca;Colchane;24-01-2009;1
195122114020829289171950147409216395118239481924489345780190606174048119126;3;Virco Manufacturing Corporation;-54.88657627;-69.5041496;I de Tarapaca;Alto Hospicio;19-12-1998;1
33154213713628402117709957136983440384333;1;Mantos de la Luna;-42.82090275;-69.76150537;II de Antofagasta;San Pedro de Atacama;04-12-1999;1
14356514917167512633295989062;2;Fiserv, Inc.;-45.07676689;-71.8082965;III de Atacama;Diego de Almagro;17-05-1972;1
9615513610894510454566725738474868298052945;1;Quiborax - Ascotan;-23.13717068;-69.95653874;II de Antofagasta;Antofagasta;29-02-2008;1
8825082680358107439476497206595;1;CMP - El Laco;-42.8435721;-71.19728748;II de Antofagasta;Mejillones;29-11-2018;1
521588476750944630008257931294040404;3;Tata Motors Ltd;-28.2179559;-71.50560249;II de Antofagasta;Mejillones;14-10-1991;1
10577590996067371004573241290395624080027931636896391493;3;Eaton Vance Corporation;-47.85400498;-71.1090181;II de Antofagasta;Sierra Gorda;18-02-2005;1
177462528900677433895862256949492076993042741842536922481780048;3;Peabody Energy Corporation;-48.88509748;-69.13073419;I de Tarapaca;Camiña;16-07-2017;1
441463416414059990293009405876536700331631695577504057024854;3;Vanguard Russell 3000 ETF;-49.69909901;-72.85156322;Metropolitana de Santiago;San Pedro;06-12-1994;1
285146431997759542967688471127433087370922430212475792402495249556082527957240740290247654278437416735648218276412256218617887936048982;3;Voya Global Equity Dividend and Premium Opportunity Fund;-24.66738408;-73.18711546;V de Valparaiso;Villa Alemana;14-06-1973;1
96216636755674662539049709437442435679471469124636375979951501379825065401505771461741572348691230924578510271085479225878554535681681834087950739782;3;First Trust International Multi-Asset Diversified Income Index;-18.4703499;-68.72721423;II de Antofagasta;Tocopilla;11-12-1994;1
1896070936256845710634698024498296994177358426648861336544542068992326;3;First Trust Nasdaq Retail ETF;-34.24063231;-72.60813666;IV de Coquimbo;Coquimbo;02-03-1966;1
3675584571531039808964905824847;2;Orbotech Ltd.;-27.31596891;-70.96487997;III de Atacama;Diego de Almagro;10-03-1959;1
7020111698625323340;1;La Perla;-49.53720632;-72.44283924;Metropolitana de Santiago;San Pedro;08-11-1992;1
8143562661903162427567981659083616039146334771300791226541808960049335002223465;2;iShares MSCI EM ESG Optimized ETF;-50.41748466;-71.36958532;III de Atacama;Alto del Carmen;06-03-1981;1
237974183600980334833947550273951590998425776827557805760712540084572619369520247287962055149580112;3;PowerShares Golden Dragon China Portfolio;-28.8698376;-74.6328144;VIII del Bio-Bio;Yumbel;20-09-2010;1
320160981106656599365330667942938967608101442940455557067320427688781140;3;Texas Capital Bancshares, Inc.;-18.13731948;-73.45570689;VIII del Bio-Bio;Santa Barbara;11-06-1964;1
2341302202916904473131474754625869;1;Mantos Blancos;-46.1401754;-70.39165648;II de Antofagasta;Ollague;13-09-2016;1
31385454126353131665707984963;1;Choquelimpie;-37.96750025;-69.52267617;XV de Arica y Parinacota;Arica;24-09-1985;1
74543287304020924878675967339218691426362611067536790676467534;2;Novelion Therapeutics Inc.;-24.66135957;-71.79570962;III de Atacama;Vallenar;01-11-2000;1
320511897350956911145932468996477438136044858504456103625709278073286468;3;Double Eagle Acquisition Corp.;-45.70169924;-72.52887097;III de Atacama;Diego de Almagro;16-11-2005;1
2462787319921741961635006892121321489214235971;2;Celgene Corporation;-32.02967643;-72.26932097;III de Atacama;Tierra Amarilla;25-10-2014;1
2055834528503539199045;1;El Tesoro;-34.62424827;-70.77212716;II de Antofagasta;Maria Elena;27-09-1959;1
7021790687531396161;1;Altamira;-53.0118099;-70.74491312;II de Antofagasta;Ollague;20-09-1952;1
138343577812993461683514437;1;El Salvador;-26.95566592;-70.62948214;III de Atacama;Copiapo;30-11-2011;1
60500501807007249606676453178773540203068746788675;2;Container Store (The);-34.06870467;-69.2587778;II de Antofagasta;Sierra Gorda;04-09-1997;1
4885689913355217157302199386431448814264489772402100059530484870994;3;Royal Caribbean Cruises Ltd.;-41.36405867;-72.88275487;Metropolitana de Santiago;Padre Hurtado;10-10-2018;1
1975350708962815560182790848080211;1;Sierra Miranda;-17.05555729;-71.25546485;II de Antofagasta;Taltal;17-07-1980;1
8030606907915922501;1;El Morro;-23.74250416;-72.5780991;III de Atacama;Vallenar;18-11-1988;1
28554739748926800;1;Pucobre;-41.80840469;-70.92042281;III de Atacama;Alto del Carmen;31-12-1966;1
9177997072932578879284952181225840666777315365373056778060712124656196288409411;2;Corporate Asset Backed Corp CABCO;-47.20766107;-69.38848421;I de Tarapaca;Colchane;02-02-1973;1
1250628832447876669301680057907530152996401336893375446843487317747027;3;SeaChange International, Inc.;-20.8146013;-73.43119955;XII de Magallanes y de la Antartica Chilena;Natales;29-01-1953;1
838043098445844859792452803666112926393106995785480723598574400388790751192688127557;2;Entercom Communications Corporation;-43.90538222;-67.93186104;I de Tarapaca;Alto Hospicio;22-06-2006;1
30153525640862950931656892748;1;La Marcelina;-45.04730088;-68.6226631;XV de Arica y Parinacota;General Lagos;27-05-1955;1
144062597760928538058719419202766266695;1;Gabriela Mistral;-31.31565918;-70.12268731;II de Antofagasta;Calama;09-10-2006;1
4443509090701750933388516335811884197741787144064823873;2;Arch Capital Group Ltd.;-31.03868479;-69.42270489;II de Antofagasta;Ollague;01-05-1980;1
7023767566824009281;1;Antucoya;-34.8080603;-69.73821998;II de Antofagasta;Sierra Gorda;09-09-1961;1
107118354129219;1;Carola;-22.41636966;-72.69038964;III de Atacama;Huasco;29-11-1976;1
1235632605923760486544887159275660617235636370170095196936188715901661286796286385725961053230415472778511888804349581354643991523152;2;PowerShares KBW High Dividend Yield Financial Portfolio;-35.14139984;-72.35758798;IV de Coquimbo;Illapel;07-07-2003;1
111477728309331;1;Spence;-46.48103337;-70.46400352;II de Antofagasta;Calama;03-01-1989;1
34473041003759274895139300675;1;Cerro Blanco;-24.54405253;-72.11803136;Metropolitana de Santiago;Curacavi;24-02-1953;1
8483733056675026422903608078171659744076104;1;Haldeman - Sagasca;-17.88031716;-70.02811716;I de Tarapaca;Pozo Almonte;23-06-1977;1
7019267317253237078;1;Victoria;-48.80221815;-72.95778926;VIII del Bio-Bio;Alto Biobio;12-10-2014;1
2708005677306042909573491220010679430585396812;2;L.B. Foster Company;-38.82480482;-71.58608915;III de Atacama;Diego de Almagro;09-05-1992;1
705914900460039630919949797226655621832142311226311184966994;3;Regal Entertainment Group;-46.71477133;-71.79620512;II de Antofagasta;Ollague;20-08-2004;1
7719292778040823405053960021315;1;Celite - Tana;-23.66594089;-68.43100801;I de Tarapaca;Iquique;11-06-1997;1
152167660932415326193432378524866387300936612278541150131360213639662121835813782245481;2;iPath US Treasury Long Bond Bear ETN;-40.35185122;-72.80959953;V de Valparaiso;Casablanca;31-08-2009;1
2462787319921741961635006892126659673917841731;2;Cambrex Corporation;-47.12542695;-72.06503108;II de Antofagasta;Sierra Gorda;15-12-1960;1
41318714828388167986614223790608071797406745494713680;2;Pure Cycle Corporation;-37.14424689;-72.54907999;XII de Magallanes y de la Antartica Chilena;Cabo de Hornos;19-05-1991;1
578380910931534337182560602198862415;1;Ojos del Salado;-27.35831322;-72.08958712;III de Atacama;Chañaral;12-12-1997;1
521256810666718993408323;1;Caupolican;-34.53425139;-74.13740142;XII de Magallanes y de la Antartica Chilena;Timaukel;26-04-1961;1
2340511785535530115398609551904837;3;EPR Properties;-43.18864931;-70.99239316;I de Tarapaca;Pica;11-05-1960;1
66390827297622769413723170368758670958624991026168699033372825157901696284926296622717698689940573521151570993097175102286150;2;First Trust Emerging Markets Small Cap AlphaDEX Fund;-30.53557678;-71.02260317;III de Atacama;Alto del Carmen;22-09-2003;1
34163093164425178944366057651419204446529;3;Aircastle Limited;-46.56347763;-68.72332298;XV de Arica y Parinacota;General Lagos;24-05-2013;1
1798156271013847921477;1;Esperanza;-45.38971199;-69.86726192;II de Antofagasta;Mejillones;20-12-1979;1
10576668994126520983726903876567884729651287247813140525889112788034;2;BLDRS Asia 50 ADR Index Fund;-31.16445081;-68.37160087;I de Tarapaca;Huara;09-01-2018;1
9619424412562337918120655864209694282959070579565749591;3;Western Asset Bond Fund;-26.74654065;-70.42299346;III de Atacama;Chañaral;18-03-2001;1
2707863294993246977170749770345305454724589927876835569478;2;Forum Merger Corporation;-32.94742502;-73.76307958;VI del Libertador General Bernardo O'Higgins;Rancagua;29-06-1957;1
921357813621774264507771690614926570861349294178188800101334526433472541372922941072121026046317922069411150;3;Nuveen Michigan Quality Municipal Income Fund;-50.09388595;-68.48847426;I de Tarapaca;Pozo Almonte;04-12-1982;1
320160981106656600226248736542104116663858228827440842084315284513188164;2;Discovery Communications, Inc.;-53.65404297;-73.26718516;VIII del Bio-Bio;Tucapel;30-01-1985;1
61660762053846688001958097024589591108;3;Drive Shack Inc.;-51.33607506;-71.89800211;IV de Coquimbo;La Higuera;23-11-1952;1
1511917486300736856742788952101930526456529694066804683384695958358954395613269551644718426445;3;Mid-America Apartment Communities, Inc.;-53.8656465;-72.79450762;VIII del Bio-Bio;Tucapel;18-12-1974;1
4438168775137180559552950457175089023959513562109269075;3;STMicroelectronics N.V.;-43.90888808;-74.4424349;VIII del Bio-Bio;San Rosendo;02-12-1982;1
19084726224043819915168554269071586239065508974389296650754352466;2;RenaissanceRe Holdings Ltd.;-24.07761632;-73.52356648;V de Valparaiso;Juan Fernandez;24-06-1968;1
264830956467382526100053991821683480372439110732;2;LTC Properties, Inc.;-51.29783946;-71.50237003;III de Atacama;Freirina;16-06-2018;1
2054825429785416592453;1;El Guindo;-50.43770014;-73.62178091;Metropolitana de Santiago;Alhue;29-09-1975;1
526421743831082649937219;1;Cerro Bayo;-21.72358876;-73.86217581;XI de Aysen del General Carlos Ibañez del Campo;Rio Ibañez;05-11-2016;1
11153790927873320052118890126985566957003688330107578699;2;Kite Realty Group Trust;-46.95808708;-71.09731439;II de Antofagasta;Maria Elena;29-04-2014;1
940868561611489676445536890146648;3;XO Group, Inc.;-24.92641372;-72.63476081;XII de Magallanes y de la Antartica Chilena;Rio Verde;22-01-2014;1
2109948917331704762707;1;SQM Salar;-41.90476211;-71.40707744;II de Antofagasta;Tocopilla;16-06-2002;1
27428839065939013;1;El Abra;-49.12840071;-69.06715874;II de Antofagasta;Mejillones;25-10-1970;1
74543287303917232746477813754896324372667550829645145392244036;3;Destination XL Group, Inc.;-51.84366508;-71.45974926;III de Atacama;Copiapo;27-11-1982;1
1796569599851651887941;1;Escondida;-40.25595432;-71.1296847;II de Antofagasta;San Pedro de Atacama;13-08-2018;1
54917205191965850154156989354750458787895297218573025775630393079824137911676887931446534951722568770;2;BLDRS Developed Markets 100 ADR Index Fund;-18.96674942;-72.66627876;XI de Aysen del General Carlos Ibañez del Campo;Chile Chico;29-06-1978;1
478510735694;1;Navio;-29.02393516;-73.58812257;V de Valparaiso;Quintero;07-07-1957;1
20982070057805834122032831006970601369781325654157844212544785926035830043206;3;Franklin Financial Network, Inc.;-36.83268638;-71.12683534;II de Antofagasta;Sierra Gorda;13-10-1984;1
125822751895363;1;Condor;-45.93308769;-70.27512236;XV de Arica y Parinacota;Putre;16-12-1987;1
9334309056952250887007063074391515242780320750711502160;1;Punta de Lobos - Kanita;-48.7080749;-69.02837929;I de Tarapaca;Camiña;24-08-1978;1
56084969658363886762287435;2;Kamada Ltd.;-26.85917867;-71.27095578;III de Atacama;Chañaral;05-05-1998;1
525998480338410712228173;1;Marte Lobo;-50.73155899;-71.52095482;III de Atacama;Copiapo;26-06-2010;1
7599104669224299589;1;El Toqui;-18.89524832;-73.6547943;XI de Aysen del General Carlos Ibañez del Campo;Chile Chico;20-02-1961;1
219063032793976918208323;3;Cowen Inc.;-26.50692326;-69.23982757;III de Atacama;Copiapo;26-11-2000;1
3675267818794883787216475419982;3;Nutanix, Inc.;-22.75120305;-73.71128663;XI de Aysen del General Carlos Ibañez del Campo;Rio Ibañez;03-08-1954;1
38456887365339731188016833356766416450980743209904678777460989231335771989737595961140266047514763594;3;Janus Henderson Small Cap Growth Alpha ETF;-18.6558614;-70.75718455;II de Antofagasta;Calama;02-12-1981;1
526440204172760741144643;1;Chimborazo;-50.34084038;-69.96995666;II de Antofagasta;Ollague;07-04-2001;1
31389010178407119832407500099;1;Cerro Casale;-54.05804052;-72.16371161;III de Atacama;Copiapo;27-06-1984;1
11630184294034796307799228871414040447973140751632496017168117884995;3;China Cord Blood Corporation;-24.55756186;-74.09087615;VII del Maule;Los Alamos;20-10-1968;1
14356514917182428590791618382;2;Novanta Inc.;-18.25662271;-69.48914967;I de Tarapaca;Pozo Almonte;15-08-1958;1
2574289319335436514052083454153689054898572611;1;CMP - Los Colorados;-29.8906932;-72.36810449;III de Atacama;Chañaral;21-08-2015;1
15802456592398756050073680313662070533717;2;U.S. Energy Corp.;-37.23816728;-74.43611003;XIV de Los Rios;Rio Bueno;05-02-2001;1
9620262968444304537636745672309170179233358;2;NVIDIA Corporation;-42.58984705;-71.93645833;VII del Maule;Tirua;11-01-1996;1
1137440296995807639641033645713716971322445832903037776449;3;Argos Therapeutics, Inc.;-36.43390516;-69.29986234;II de Antofagasta;Calama;16-07-1990;1
149467716594998571522551344924333274439;2;Guaranty Bancorp;-45.75448464;-70.64443925;XV de Arica y Parinacota;Putre;31-05-1964;1
3679296139720534896612092374601;3;Inseego Corp.;-41.18509248;-70.8563711;III de Atacama;Alto del Carmen;26-07-1990;1
3599367700463412099898290139366563361321057655284680249745352418140893636323333088913683211600;2;Peapack-Gladstone Financial Corporation;-28.16579053;-74.53948987;XII de Magallanes y de la Antartica Chilena;San Gregorio;07-07-1957;1
1250628832447877058787413503629855365389292660295641832295421952812359;2;German American Bancorp, Inc.;-34.82987584;-72.10349722;IV de Coquimbo;Coquimbo;06-01-1989;1
459922465223823572623692;1;La Picarda;-46.7411032;-70.00575467;I de Tarapaca;Camiña;05-04-2013;1
4885268876749509224682866968507323435780412803713604017830132478017;3;Apple Hospitality REIT, Inc.;-52.81944746;-70.19279546;II de Antofagasta;Antofagasta;26-02-1951;1
106733506782901783253119236539043300180;3;TC PipeLines, LP;-23.32492091;-68.26543116;I de Tarapaca;Iquique;04-02-1951;1
6445871311035247354000397565587659289681741206659495246;2;Nustar GP Holdings, LLC;-20.46904993;-74.09165819;Metropolitana de Santiago;Maria Pinto;28-12-1982;1
556189057985048852463241127149703686713140014915;1;Cosayach - Cala Cala;-44.6798846;-68.82300689;I de Tarapaca;Alto Hospicio;28-03-2014;1
177471860067928828121808324201933311181299800565063;3;Georgia Power Company;-42.73855109;-70.85971668;II de Antofagasta;Tocopilla;13-06-1984;1
3631197869888005597441827119517507798553130732203400857273155609105030337878397140421506985808;2;PowerShares BuyBack Achievers Portfolio;-31.74765126;-73.25186772;IV de Coquimbo;Rio Hurtado;29-02-1984;1
940868561612541279341155598954307;3;Costamare Inc.;-46.42174025;-74.18435217;VII del Maule;Cañete;13-09-1969;1
1250736617818936166589826923862446147869739709894967169686657894738247;2;Gilat Satellite Networks Ltd.;-45.78367424;-75.38032149;XII de Magallanes y de la Antartica Chilena;Antartica;11-05-1955;1
31071152229219641361445513300;2;The9 Limited;-55.54343624;-69.83053791;I de Tarapaca;Alto Hospicio;20-11-1961;1
3964960886424008374748478969724031858916593280653812052;3;Taiwan Fund, Inc. (The);-48.08224171;-73.04903485;VII del Maule;Contulmo;08-12-2002;1
4447996101316587802059165169345478987020887349230071365;3;Entegra Financial Corp.;-40.87226832;-72.21115048;IV de Coquimbo;Monte Patria;01-09-1976;1
161401229798391281197711811682173892692642530226004;3;Torchmark Corporation;-29.97956124;-71.96526653;III de Atacama;Alto del Carmen;07-06-1963;1
76223326732627;3;SAP SE;-24.59414909;-72.68571232;V de Valparaiso;Juan Fernandez;21-03-2003;1
1662370856425519069365366457147934248080458768345417667069248391916469217739689511625548858421167940202561;2;Appliance Recycling Centers of America, Inc.;-52.80292319;-69.87682299;II de Antofagasta;Ollague;25-03-1980;1
1945370780066921739600;1;Punitaqui;-43.21815285;-73.07526943;IV de Coquimbo;Ovalle;29-02-1976;1
8243108361284379475;1;Schwager;-45.39717876;-73.82516204;VIII del Bio-Bio;San Rosendo;02-09-1992;1
14060030079935203515227695856900638253907553363210113414709147320557000084359499212977892431;3;Old Republic International Corporation;-43.73148185;-69.37467027;I de Tarapaca;Alto Hospicio;21-04-1973;1
4443126160139873590976209537344913513047148032724134979;3;Cleveland BioLabs, Inc.;-39.31051311;-70.78321928;II de Antofagasta;San Pedro de Atacama;11-11-1979;1
599171411690464285928754832357548368;1;Pampa Camarones;-45.02954045;-68.47397968;XV de Arica y Parinacota;General Lagos;22-02-2005;1
33139577345324898307748135019056060133954;1;Bronce de Petorca;-46.76871429;-73.4125935;V de Valparaiso;Valparaiso;14-08-1979;1
18723998395937855246370000615521150855424804115470964565185007710450430927175;3;Gabelli Equity Trust, Inc. (The);-29.09239262;-74.52918534;XII de Magallanes y de la Antartica Chilena;San Gregorio;03-06-1960;1
134731023070718279078274371;1;Cerro Negro;-53.47278162;-73.54103596;V de Valparaiso;Puchuncavi;02-12-1975;1
526741976200747570027263002975432257;1;Andacollo Cobre;-35.37694761;-71.53827676;IV de Coquimbo;Illapel;25-07-1951;1
2680649154290666004249967324161865758644224215503192982846349774054733;2;Meridian Waste Solutions, Inc;-45.56787716;-67.74744981;XV de Arica y Parinacota;General Lagos;21-10-1979;1
425566939244932980941604788646202201091944098135811016421990896440298749718930365078774202360768791439827275;2;Kayne Anderson Energy Total Return Fund, Inc.;-23.57398446;-72.00715791;Metropolitana de Santiago;Curacavi;22-11-1979;1
34433987033389341879498008908;2;Limoneira Co;-22.41457701;-69.34907021;II de Antofagasta;Antofagasta;23-11-2002;1
20982070057805846896006310654354120107331126879866191424217277841851655809350;2;First Financial Bankshares, Inc.;-49.40819843;-73.44452398;XII de Magallanes y de la Antartica Chilena;Primavera;06-02-1969;1
320160981106656600029439940682232392894511196742788672221256188290103619;2;Cyclacel Pharmaceuticals, Inc.;-54.06178027;-70.36594979;II de Antofagasta;Taltal;20-07-2017;1
10578147176976730115161276246924696848790083;3;Crawford & Company;-54.16098596;-73.44295806;IV de Coquimbo;Vicuña;16-08-2005;1
67796724855649926843556187388339775385616115328324;3;Delcath Systems, Inc.;-39.17132517;-72.07184672;III de Atacama;Diego de Almagro;04-03-1969;1
81961211163304001753404080974689669409622636443248255049904973966746350401;2;Ashford Hospitality Prime, Inc.;-45.841688;-74.24113967;V de Valparaiso;Valparaiso;27-05-1969;1
17355961563046381230695091007582152800100005528696146;2;Rush Enterprises, Inc.;-30.49560682;-73.22249931;III de Atacama;Chañaral;21-11-1957;1
1500797727683676469663448586213430311117745223;3;GlaxoSmithKline PLC;-18.47051602;-70.13306378;III de Atacama;Chañaral;23-09-1952;1
9523578920229557021032369618353922218387596998858863175;3;Great Plains Energy Inc;-33.39907535;-73.6965027;VI del Libertador General Bernardo O'Higgins;Rancagua;07-08-1959;1
42776158216889849086664198213165281877;2;Urban One, Inc. ;-22.6316032;-69.88975164;II de Antofagasta;Sierra Gorda;21-11-1999;1
17355961563065430449147015814922155974834996560291138;3;Bed Bath & Beyond Inc.;-30.41079413;-72.28140068;III de Atacama;Chañaral;17-11-1982;1
921357813621774264507771690614118713597729383289992363994284338741562632145956121503451596324979165845342544;3;PIMCO Dynamic Credit and Mortgage Income Fund;-44.15489593;-73.61271333;IV de Coquimbo;Ovalle;19-03-1980;1
23070030003393497930118332010715481034674859471122329847085220047274320715236358539407425;2;Apollo Senior Floating Rate Fund Inc.;-37.20283556;-73.69478663;V de Valparaiso;Concon;25-06-2006;1
2128684470258986344771;1;Caserones;-31.16089173;-70.89554656;III de Atacama;Tierra Amarilla;11-12-1981;1
8317992816578816332;1;Linderos;-54.10836128;-72.54131209;IV de Coquimbo;Vicuña;15-11-1980;1
8829702988513853152359419768385;1;Andacollo Oro;-39.40655928;-73.12322375;IV de Coquimbo;Canela;15-07-1975;1
56136008646991858027880771;2;Carvana Co.;-30.63543452;-68.32490076;II de Antofagasta;Taltal;16-12-2015;1
177462528900677433895862256949391616627022261341931436040679246;3;Northern Trust Corporation;-33.29786746;-72.0236178;II de Antofagasta;Sierra Gorda;22-01-1979;1
34507274947000894284170739039890054079811;1;Celite - Tilviche;-47.48083996;-69.78816034;I de Tarapaca;Camiña;04-09-1965;1
122651338742431785408293957;1;El Teniente;-32.10812979;-74.10672937;VI del Libertador General Bernardo O'Higgins;Rancagua;12-01-1989;1
146793563361271736719310694463348041038;3;Neff Corporation;-45.49644381;-76.14144442;XII de Magallanes y de la Antartica Chilena;Antartica;11-12-1973;1
10824651475632495539495470059062994293253552216218281818964545206360276529578968328905753189009680414734976297429334;2;VictoryShares US 500 Enhanced Volatility Wtd ETF;-29.72839455;-71.02219486;II de Antofagasta;Maria Elena;27-09-1970;1
39267245689392983321695651249911791316038;1;Flor de Los Andes;-46.75384618;-71.52360501;IV de Coquimbo;Combarbala;25-07-1954;1
134660408942058579279246153;1;Isla Riesco;-45.53392116;-74.80555265;XII de Magallanes y de la Antartica Chilena;Antartica;13-08-2000;1
49946907158255156356946811814290389581771110405996987277940006378605859282728490779175238;3;First Trust South Korea AlphaDEX Fund;-24.7683369;-71.8845958;VI del Libertador General Bernardo O'Higgins;Codegua;12-11-1991;1
1034495923700712995370902640877216540851061840;3;PDF Solutions, Inc.;-45.17052541;-69.98027157;XV de Arica y Parinacota;Putre;28-02-1979;1
37579152220485564600143537782677378851139;2;Cabot Corporation;-41.82457563;-70.04926654;III de Atacama;Alto del Carmen;29-09-1996;1
537045996172834319224090217078350148;2;Data Processing;-47.59593324;-72.36669104;III de Atacama;Vallenar;27-07-1974;1
1851881033;1;Ivan;-38.11993762;-70.60047994;II de Antofagasta;Sierra Gorda;22-02-1980;1
659019288026869238352740182526199639070496485187;1;Cosayach - Negreiros;-50.89317516;-69.80606347;I de Tarapaca;Colchane;16-05-1979;1
418565088580;1;Delta;-38.54033002;-71.39594038;IV de Coquimbo;Salamanca;07-01-1990;1
1511917486302752801555128190447193223927832731908599186000374237962514737547903913364908960083;2;Silvercrest Asset Management Group Inc.;-51.64844751;-70.30809486;II de Antofagasta;Ollague;15-07-1950;1
139505428328430076101489236;1;Tres Valles;-22.83237098;-72.19113554;IV de Coquimbo;Punitaqui;14-10-1998;1
4885268876749520874472655344882696424781970165142649405408582659653;3;Enanta Pharmaceuticals, Inc.;-29.29631515;-73.79609293;V de Valparaiso;Quintero;06-06-1976;1
33834549094938797211404994420821532762451;3;Safe Bulkers, Inc;-46.75649659;-69.6195718;II de Antofagasta;Mejillones;23-03-1975;1
107156807573840;1;Pascua;-45.84541746;-72.50348538;III de Atacama;Huasco;29-04-1996;1
67796724855744239744288975981028673537526523717954;2;Biglari Holdings Inc.;-20.51543241;-74.21582041;XII de Magallanes y de la Antartica Chilena;Natales;07-07-1965;1
67796724855649900922953304983464430882019287855687;3;Gray Television, Inc.;-51.06075258;-74.25340939;Metropolitana de Santiago;Alhue;06-10-2004;1
4885268876749521258962098431558907570538555657020679798364921160003;3;CatchMark Timber Trust, Inc.;-33.44505908;-72.21041226;II de Antofagasta;Antofagasta;20-08-1990;1
139486648967649282869125452;1;Las Piedras;-43.10144946;-72.68829782;VII del Maule;Tirua;17-11-1982;1
5371409934798295592120610414519005861681473382363513638085529239637514484147543;2;Western New England Bancorp, Inc.;-37.66461088;-70.62854518;II de Antofagasta;Sierra Gorda;18-02-1999;1
4040999701955907648989528695680273682360403;3;Shutterstock, Inc.;-23.78497286;-71.87950768;Metropolitana de Santiago;Curacavi;28-11-1986;1
15785155085765270369328715378374658380614;2;FSB Bancorp, Inc.;-23.97880405;-73.25941333;XII de Magallanes y de la Antartica Chilena;Rio Verde;18-05-1970;1
9330212439387657625891393324715245040190316651081453907;1;SQM - Pedro de Valdivia;-42.57570453;-69.51443977;II de Antofagasta;Antofagasta;23-06-1992;1
838043098445844859792452803666108802063921384791210893064256094911280904110206447189;2;United Microelectronics Corporation;-34.30260501;-72.07558777;II de Antofagasta;Antofagasta;21-08-1966;1
352020721486940775987028318256068897201775471009528667490513223398214864362497205313;3;Adams Diversified Equity Fund, Inc.;-23.61028685;-72.34481198;XIV de Los Rios;Panguipulli;22-04-1960;1
2055400496340454699604;1;Tranquilo;-51.13728473;-73.03610548;XII de Magallanes y de la Antartica Chilena;Laguna Blanca;14-03-2019;1
31352992529741127;1;Guanaco;-22.65293536;-70.66180792;II de Antofagasta;Sierra Gorda;12-06-2008;1
55407682340820397910184130021851968868783674666278113959715030511777800002755617904619344;2;PowerShares Nasdaq Internet Portfolio;-30.58149323;-68.53531036;I de Tarapaca;Huara;21-01-1966;1
1635020620;1;Lota;-17.96384615;-73.33109039;VIII del Bio-Bio;Santa Barbara;13-12-2002;1
469514609744268327217476;2;Diageo plc;-38.90344507;-68.46931075;XV de Arica y Parinacota;Arica;26-11-2015;1
31356350753696837;1;El Tofo;-46.26421645;-72.1887842;IV de Coquimbo;La Serena;23-04-2016;1
41318714828388167986614223790598424004458754750374214;2;Fair Isaac Corporation;-19.05572733;-70.1235245;I de Tarapaca;Pozo Almonte;08-04-1952;1
3342636608791991376;2;PTC Inc.;-43.92126064;-70.25055601;I de Tarapaca;Pica;30-04-1994;1
921486581509039374869768923816893521447087851141227329349074674532371165306103082565;3;E.I. du Pont de Nemours and Company;-52.58694562;-69.53267975;II de Antofagasta;Ollague;12-02-1986;1
240862351772848291229368607836304467;2;Stamps.com Inc.;-32.14490051;-70.02574064;III de Atacama;Tierra Amarilla;01-11-1982;1
9708403909370941040257192733981709725231446;3;Vina Concha Y Toro;-42.30241952;-72.4703344;VII del Maule;Tirua;21-03-2010;1
1250628832447877341257766727374285461561157844502324523587573379985236;3;Tootsie Roll Industries, Inc.;-29.7891032;-68.88677317;II de Antofagasta;San Pedro de Atacama;02-12-1971;1
122575854660248422950265165;1;Manto Verde;-37.1680669;-71.99358865;III de Atacama;Caldera;15-02-1967;1
240862351772541152805060573227936837;2;Ellie Mae, Inc.;-46.02318735;-72.31154556;IV de Coquimbo;La Serena;25-09-2001;1
74543287303917169903499541387653915876070615146165544182704212;3;The Chefs' Warehouse, Inc.;-50.31195952;-70.41277162;II de Antofagasta;Ollague;13-05-2010;1
8674340180010300753;1;Quiborax;-45.4454804;-69.66660029;XV de Arica y Parinacota;Putre;04-01-1976;1
15488128462593782713861245975484499448892886800952905;3;India Fund, Inc. (The);-17.04318272;-74.71887529;XII de Magallanes y de la Antartica Chilena;Porvenir;27-02-1986;1
49951261189332298028019237736787652189327544803712847090013371284391886679111;3;Gladstone Commercial Corporation;-55.47742963;-70.28823355;I de Tarapaca;Alto Hospicio;10-03-2010;1
940949650312093611284185794046019;2;Check-Cap Ltd.;-19.52616206;-69.96478385;II de Antofagasta;Calama;20-09-1960;1
4443126160139872591469915276824506348761659281358876233;2;Investors Bancorp, Inc.;-50.83989176;-73.62680698;Metropolitana de Santiago;Alhue;22-04-1976;1
14356514917167491686455271757;2;MasTec, Inc.;-23.98766982;-72.31728235;II de Antofagasta;Tocopilla;06-01-1977;1
35708596357872781989617295692;1;Las Pataguas;-25.74654418;-72.32445062;VI del Libertador General Bernardo O'Higgins;Codegua;25-04-1957;1
2128681380466945909068;1;Las Luces;-53.92453577;-71.07589986;II de Antofagasta;Taltal;21-12-1974;1
521287432318499434566574078230286916;3;DRDGOLD Limited;-46.89029091;-70.91828549;IV de Coquimbo;Combarbala;26-06-2018;1
37579204022313315899627909591804898996042;2;Johnson & Johnson;-31.24773185;-73.37599763;Metropolitana de Santiago;Isla de Maipo;29-01-1965;1
8744369432188237188611227605530798613294915;1;Cosayach - Soledad;-22.4076122;-69.04604462;I de Tarapaca;Iquique;21-04-2009;1
921357813621941365884578353073603483903959409900709560518050103309190351838237401449008144213864289792324942;2;Nuveen Municipal High Income Opportunity Fund;-38.89603639;-72.87012397;IV de Coquimbo;Paiguano;18-10-1962;1
1034495923700712913353762222043496341556061512;3;Herman Miller, Inc.;-22.71390651;-70.05634205;II de Antofagasta;Sierra Gorda;03-12-1957;1
630162822644966450327718386822164244121692752201;1;III de Atacama Kozan;-46.94661338;-72.1569849;III de Atacama;Vallenar;20-08-1959;1
11630184294034796307799228871435302700879547592899066855912777214278;3;Fidus Investment Corporation;-45.46401685;-70.92528827;I de Tarapaca;Camiña;29-06-1952;1
1250628832447877343864999768289970284744184362276518247775805681856336;2;Portola Pharmaceuticals, Inc.;-21.94825924;-74.05111571;XI de Aysen del General Carlos Ibañez del Campo;Rio Ibañez;29-01-1952;1
4447996101316587802116402287650981211380687758854287943;3;Great Elm Capital Corp.;-46.91888967;-68.86531922;I de Tarapaca;Colchane;23-06-2001;1
36462144532200777086577677715597951356345043945418563;1;Cordillera - Tenardita;-47.84204942;-69.03536409;I de Tarapaca;Colchane;23-10-1966;1
291184716030926755748104613302711544658546133207810394388033;2;Avenue Therapeutics, Inc.;-49.36704952;-69.43572153;II de Antofagasta;Mejillones;01-05-2006;1
7596565837153858896;1;Pullalli;-40.15613517;-73.48525548;V de Valparaiso;Casablanca;16-09-1982;1
139505262455820181428203340;1;Los Bronces;-20.63235417;-73.30770741;Metropolitana de Santiago;Maria Pinto;28-04-2010;1
3675267818794881247323442144592;2;Pepsico, Inc.;-44.60997938;-74.8371451;XII de Magallanes y de la Antartica Chilena;Punta Arenas;01-04-2016;1
460014698954070885818691;1;Candelaria;-50.71227996;-71.28340564;III de Atacama;Freirina;24-10-1956;1
146793563361271736719310694463583774039;3;West Corporation;-33.60469188;-74.0102517;IV de Coquimbo;Los Vilos;25-11-2004;1
1871581270471724791120;1;Pupunahue;-25.24011737;-72.81762993;XIV de Los Rios;Panguipulli;16-06-1979;1
177462528900677433895862256949227930299220777622020633410694980;3;Dollar General Corporation;-45.38138189;-70.64325644;II de Antofagasta;Maria Elena;13-11-2012;1
214445211388590141990797630555398691353631348041790760252975543941172937515476230893349388050592322;2;Bright Scholar Education Holdings Limited;-32.29399007;-69.03379064;I de Tarapaca;Huara;24-05-1988;1
1250628832447877343864999768289970284744184362276518247764823198562650;2;Zynerba Pharmaceuticals, Inc.;-46.27776541;-69.97186244;II de Antofagasta;Mejillones;29-06-1968;1
8586799894014386382627962637635;1;CMP - Romeral;-35.48098221;-71.1905625;IV de Coquimbo;Coquimbo;10-07-1954;1
1796498398802707638608;1;Pinatolca;-26.0446954;-74.04301221;VII del Maule;Los Alamos;18-04-1951;1
3917773128619074034581951475541791812762918908015881450097504235394951405338336061570224794673229532852041722098118467;3;Cohen & Steers Reit and Preferred Income Fund Inc;-23.51683606;-72.25654139;IV de Coquimbo;Punitaqui;08-05-1969;1
796678157060313138313959249828466730403127628581503283292356454351056450;3;B.O.S. Better Online Solutions;-15.80399679;-70.97515952;II de Antofagasta;Taltal;12-08-1962;1
161330645346466478325079325034241017666604307204016817394508104;3;Hamilton Lane Incorporated;-47.66448994;-73.42405483;VIII del Bio-Bio;Alto Biobio;23-03-1950;1
630473553899965942178561764383559041958235557445;2;ENGlobal Corporation;-45.98702795;-71.43452191;II de Antofagasta;Calama;12-02-1952;1
9620262968444304537636745672348938172329545;2;Incyte Corporation;-38.30897238;-71.8913141;III de Atacama;Caldera;24-12-2002;1
17355961563046377310429356550095728357202315573421399;2;Westbury Bancorp, Inc.;-23.06057125;-71.79959903;III de Atacama;Huasco;14-12-2014;1
1137440296995807641008751793864245301937870393533163127880;3;HD Supply Holdings, Inc.;-48.87088641;-69.69011616;II de Antofagasta;Mejillones;07-01-2000;1
3332996133789520450;3;BRF S.A.;-17.40821544;-73.88095802;Metropolitana de Santiago;Talagante;04-08-1951;1
8241998988093186394;1;Zaldivar;-33.73365319;-70.20110685;II de Antofagasta;Taltal;19-09-1958;1
17355961563046389216366766549299838841516436164211521;3;Aspen Technology, Inc.;-21.55807674;-68.4005989;II de Antofagasta;Antofagasta;04-03-2014;1
4443126160139867481844929416724745438066436472051101253;2;Entergy Louisiana, Inc.;-26.16436623;-70.02406051;III de Atacama;Copiapo;19-04-2016;1
12788195245930769268091807601672474399333141044491386418563568135753;2;Independence Holding Company;-39.39264851;-70.93554426;II de Antofagasta;San Pedro de Atacama;12-06-1987;1
4885268876749519760888333998554122622786136705462819401651387132237;2;Midland States Bancorp, Inc.;-34.33874333;-70.15395928;II de Antofagasta;Taltal;10-01-1998;1
1250628832449544604357909428102594236618565149622201205575718559572304;3;Patriot National Bancorp Inc.;-53.41162037;-69.57491598;II de Antofagasta;Tocopilla;11-11-1974;1
27424523199209812;1;Talcuna;-38.66487599;-73.03103802;IV de Coquimbo;Paiguano;19-08-1961;1
20982070057805846908463199151496292490863797415448456033876052755102063225922;3;Blackhawk Network Holdings, Inc.;-45.02246855;-75.49329275;XII de Magallanes y de la Antartica Chilena;Punta Arenas;02-08-1978;1
573180733116603133680629536796731001044661985614;3;Natl Westminster Pfd;-36.51659763;-73.05176744;XII de Magallanes y de la Antartica Chilena;Cabo de Hornos;21-12-1963;1
20982070057805846908463199151496292493920969679486973488112711569309780102465;3;AMC Entertainment Holdings, Inc.;-32.15450946;-71.67009816;III de Atacama;Tierra Amarilla;17-10-2001;1
8661644569622367088912412269932610572804435;3;Salesforce.com Inc;-49.80974272;-73.15258443;XII de Magallanes y de la Antartica Chilena;Primavera;03-08-1976;1
1137440296995808077258783882639407939136675857773219898191;2;Ocular Therapeutix, Inc.;-18.20712344;-70.24368891;III de Atacama;Huasco;30-06-1972;1
3675267818794882385317843132744;2;Hawkins, Inc.;-18.95193054;-70.32171306;III de Atacama;Chañaral;06-10-1987;1
540514038013740735819587;1;Colico Sur;-52.94103;-73.93599634;VIII del Bio-Bio;Tucapel;28-11-1987;1
2037190276957041880133;1;El Peñon;-24.07753673;-71.66921793;II de Antofagasta;Tocopilla;06-07-1994;1
45430407398573423077340737779070234904926055315484648333697511235;2;CoreSite Realty Corporation;-17.62297702;-73.80370682;XII de Magallanes y de la Antartica Chilena;Porvenir;23-06-1963;1
195122114020829289171950194622432407561633833775291326695727368362056181079;2;Western Alliance Bancorporation;-46.43216631;-70.49138637;II de Antofagasta;Mejillones;29-09-1993;1
13918726184482018604817992992443691281195027300592393969467449887668418470221026898745550476115205450817;2;Alliance National Municipal Income Fund Inc;-49.06597315;-68.1586654;I de Tarapaca;Camiña;09-11-1967;1
2084752041447451046374896028145180974194048989581203482437516061227095585622348649;2;iShares 20+ Year Treasury Bond ETF;-51.14222733;-70.51192856;III de Atacama;Tierra Amarilla;10-05-1990;1
195122114020829289171950147409172139334721293268802502037686513753726021189;3;Envision Healthcare Corporation;-32.25602205;-73.70938746;IV de Coquimbo;Rio Hurtado;19-11-1974;1
8483726410633987768467055115170326839644499;1;SQM - Pampa Blanca;-54.76566051;-70.09450066;II de Antofagasta;Tocopilla;11-10-1996;1
139486777868753279602487116;1;Lomas Bayas;-40.93401642;-70.91297411;II de Antofagasta;San Pedro de Atacama;06-05-1954;1
320160981106656600226248736542104116663858228827440749563482610246181190;3;FairPoint Communications, Inc.;-51.34889643;-71.7560449;IV de Coquimbo;Andacollo;30-12-1992;1
198676669962067898939336672110760509182577243057741725329707917286124057153;3;Arlington Asset Investment Corp;-52.1926009;-70.02288822;II de Antofagasta;Ollague;25-08-1997;1
107126842486337;1;Andina;-24.32664962;-73.57833754;V de Valparaiso;Villa Alemana;22-07-1961;1
2199329962107379985089157644707139;1;Celite - Carol;-45.99004483;-69.84882794;XV de Arica y Parinacota;Camarones;22-05-2001;1
11629170542179473116686823258229396535247460175201305944617732461941070978835796;3;Tekla Healthcare Opportunies Fund;-32.62408895;-69.7066942;III de Atacama;Tierra Amarilla;28-12-2008;1
170164438444606182947833943354382940225026524540225;2;American Homes 4 Rent;-36.60213838;-69.67858338;II de Antofagasta;Calama;12-09-1963;1
15785155085765266728158978812245850486131;2;support.com, Inc.;-43.05898659;-68.61561527;I de Tarapaca;Alto Hospicio;01-11-2000;1
45426447430382820489003837725451641466832076274404360054069823913829716096334;3;Nuveen Floating Rate Income Fund;-16.75485413;-71.16848181;III de Atacama;Vallenar;12-07-1966;1
67796724855649926681611944496443787253820440081736;2;Hurco Companies, Inc.;-53.75776763;-71.28707576;III de Atacama;Copiapo;03-01-2001;1
61660762053770535453038914762546899276;3;Littelfuse, Inc.;-38.5166006;-71.30822182;IV de Coquimbo;Salamanca;05-12-1969;1
9620262968444304537636745672358812218126923;2;Kraton Corporation;-46.75479779;-71.15166944;II de Antofagasta;Ollague;19-06-1989;1
2438036203544466747635424076878465601894600937732647710785;2;Applied DNA Sciences Inc;-39.91924724;-73.30630723;IV de Coquimbo;Canela;08-12-1963;1
3599053959460055720733483166468189472065098017145009301715891236982843471801677281015845015923008508881986;2;Blackstone GSO Long Short Credit Income Fund;-53.59601847;-74.48174488;V de Valparaiso;Puchuncavi;27-01-1984;1
56080136395185531614750787;3;Chegg, Inc.;-40.36010157;-72.97417772;V de Valparaiso;Casablanca;04-01-2015;1
3675267818794882393053228918102;3;Vectrus, Inc.;-49.70049363;-68.28510012;I de Tarapaca;Camiña;19-09-1958;1
56080136395173471480996185;2;Yahoo! Inc.;-50.86661529;-70.95263054;II de Antofagasta;Ollague;11-01-1961;1
41318714828388167986614223790622387112608445041432131;3;CVS Health Corporation;-50.66032276;-69.03531431;I de Tarapaca;Pozo Almonte;08-08-1960;1
291184716030926755925366403919669180693836905411309254569795;3;Commerce Bancshares, Inc.;-47.76020288;-70.15008743;II de Antofagasta;Maria Elena;20-04-2016;1
74543287303917249471514781005494155432587810100072470134546771;3;Sarepta Therapeutics, Inc.;-29.27055799;-70.38725328;III de Atacama;Freirina;07-01-1976;1
30506441440587602;1;Romeral;-17.70796623;-73.70450394;Metropolitana de Santiago;Talagante;18-05-1973;1
2855370477535568885594220838006506638383443677577574114644;3;Texas Pacific Land Trust;-35.32999827;-72.00211361;II de Antofagasta;Maria Elena;18-04-1961;1
3273605853304081483564268764320740430909360306473623491442008867264631621817758533;2;Esterline Technologies Corporation;-37.71621836;-72.31495104;III de Atacama;Caldera;15-03-1984;1
54921992499746888731358186941099867716125603257969588411381444669795525637931060452682067;2;Silicon Motion Technology Corporation;-32.76764967;-71.47415533;II de Antofagasta;Sierra Gorda;17-11-2010;1
67802567912323133413631129647570767272361571018051;2;Ceragon Networks Ltd.;-39.56394284;-69.75223962;III de Atacama;Caldera;16-05-1987;1
33834549094937872430503091270028561836365;2;MiMedx Group, Inc;-51.55577341;-68.68117893;I de Tarapaca;Pozo Almonte;22-07-1954;1
27426653179240780;1;La Pepa;-51.95141748;-71.22207609;III de Atacama;Tierra Amarilla;21-07-2006;1
8029189633708549450;1;Jeronimo;-31.77103906;-71.45606195;III de Atacama;Tierra Amarilla;09-01-1976;1
30141478937124777425210009939;1;Sierra Gorda;-29.9037532;-69.20477898;II de Antofagasta;San Pedro de Atacama;16-09-1985;1
17355961563046382606370117663244832390143622524395863;3;Waste Management, Inc.;-38.91178905;-71.73239195;VII del Maule;Curanilahue;28-11-1997;1
134825319107594520946712357444606258753;1;Andes Travertine;-19.09271584;-69.47178711;II de Antofagasta;Tocopilla;31-10-1992;1
1137440296997122950097295078826240963494242223661259383109;3;Eagle Bulk Shipping Inc.;-39.69256421;-73.14064804;IV de Coquimbo;Canela;17-11-1987;1
556123651742403719549460260197955110380413735251;1;SQM - Nueva Victoria;-54.73005883;-70.54483001;I de Tarapaca;Alto Hospicio;21-08-1993;1
320160981106656746675358216788909477303349348700790121189078446719923524;2;Dupont Fabros Technology, Inc.;-24.76562075;-73.72311695;V de Valparaiso;Villa Alemana;02-04-1991;1
259339169131369842576938300147124899169963138037768270846770257623239529459220100579192619522530540486312529544755928855106;2;Brookfield Global Listed Infrastructure Income Fund;-54.90481689;-72.99829869;IV de Coquimbo;Vicuña;06-05-2013;1
1137440296995807640321587874451219906766547443891762654537;2;Impax Laboratories, Inc.;-48.59547852;-73.78895577;VIII del Bio-Bio;Alto Biobio;04-08-2004;1
19083081549802815876124630986942534982428082065875708767654737477;3;Everspin Technologies, Inc.;-39.18346766;-67.82215525;XV de Arica y Parinacota;Arica;28-06-1994;1
2340512690821356717923431814687053;1;Ministro Hales;-20.18310356;-69.91162467;II de Antofagasta;Calama;27-04-1980;1
35713342448302010863119585619;1;SQM - Yumbes;-46.80526688;-71.17699473;II de Antofagasta;Mejillones;11-08-1978;1
6824815776640861460637308239052215085817684242989211982;2;Nabriva Therapeutics AG;-44.5237386;-73.67953291;VIII del Bio-Bio;San Rosendo;02-03-1986;1
74543287303917249516111839792744277275109695567303629124760143;2;OraSure Technologies, Inc.;-22.99538727;-69.27296898;I de Tarapaca;Iquique;22-03-1966;1
2016311376279626742222842585440594;1;Radomiro Tomic;-33.39540661;-70.61147918;II de Antofagasta;Sierra Gorda;27-10-1981;1
10577590996067371004573241290419821559968158412643594832;3;PrimeEnergy Corporation;-51.91507329;-70.82429759;III de Atacama;Freirina;05-07-1966;1
4045428887654077518269698237100765648996692;3;TICC Capital Corp.;-46.65052586;-69.74814838;II de Antofagasta;Mejillones;31-05-1956;1
5371409934798296826186527688376725082770840313988316764160215931033121102653776;3;Pinnacle Financial Partners, Inc.;-32.01134156;-69.05264329;I de Tarapaca;Huara;02-11-1980;1
264830956467382243173789174618973871636578648904;2;HCA Healthcare, Inc.;-43.29197132;-71.95914899;II de Antofagasta;Antofagasta;30-08-1965;1
37579152220485564600143537782651509305163;3;Kopin Corporation;-50.06681348;-71.288365;III de Atacama;Alto del Carmen;24-12-1978;1
320160981106656527336942469269043374879019202182852093367323746900995907;2;Commercial Vehicle Group, Inc.;-35.62259333;-71.60991232;II de Antofagasta;Maria Elena;08-05-1991;1
31069188372980035;1;Can Can;-49.83601833;-71.12592996;III de Atacama;Alto del Carmen;10-04-2016;1
1250628832447877341257743467432998674804760684350334598977966360062036;2;The Travelers Companies, Inc.;-29.38267045;-70.83420453;III de Atacama;Freirina;06-11-1980;1
6371446492393588484845996017055575039510328338167157071452666445794611723962458901976711249426925853327483176315970;3;BlackRock Municipal Target Term Trust Inc. (The);-39.21827739;-71.02138421;II de Antofagasta;San Pedro de Atacama;31-03-1955;1
505669499077438579106936847363044689;1;Quebrada Blanca;-50.57327772;-68.91799663;I de Tarapaca;Pozo Almonte;17-01-1987;1
9717446100965016837871690609844885206985798522919472451;1;CMP - Cerro Negro Norte;-30.27265127;-71.39812945;III de Atacama;Freirina;26-09-1961;1
762129320652239793188950199608275692006158423738132147051232034197718040565958210894;3;Nuveen Energy MLP Total Return Fund;-52.81861719;-74.37026443;V de Valparaiso;Puchuncavi;16-02-1972;1
21005067704792312128859830288153145385683836110066952495449665992666884566087;2;Global Partner Acquisition Corp.;-50.89461916;-70.77945522;I de Tarapaca;Colchane;06-02-2009;1
573442507507478827126067;2;3M Company;-47.32142188;-72.89968237;Metropolitana de Santiago;El Monte;05-05-1950;1
7720547795398449992959740895564;1;La Productora;-45.92687329;-71.44643519;III de Atacama;Diego de Almagro;26-12-2018;1
521257522151897267594563;1;Cerro Iman;-39.91479342;-70.71904433;III de Atacama;Caldera;12-08-1960;1
33154131288827085411499088840417126207827;1;SQM - Maria Elena;-30.72064609;-69.19189683;II de Antofagasta;Ollague;08-02-1961;1
3675267818794882668974528489794;3;Biocept, Inc.;-34.82049098;-73.76922988;XII de Magallanes y de la Antartica Chilena;Timaukel;13-08-1994;1
14356514917187488522028545347;2;Cummins Inc.;-29.09117012;-68.89030305;II de Antofagasta;San Pedro de Atacama;01-05-1956;1
67796724855649926804019791681099546000907878101569;3;Arista Networks, Inc.;-47.95224885;-72.625789;III de Atacama;Vallenar;24-09-1972;1
7164744459723689033;3;ILG, Inc;-42.40115957;-69.27629579;II de Antofagasta;San Pedro de Atacama;24-04-1983;1
32776877067034956;1;Lambert;-52.85135542;-71.64256207;IV de Coquimbo;Andacollo;05-07-1960;1
526741976200747511855377196056863043;1;Caleta El Cobre;-35.86420182;-70.51754931;II de Antofagasta;Calama;01-02-1984;1
121424974079302;1;Ferton;-47.48875104;-72.10622211;Metropolitana de Santiago;El Monte;03-06-1955;1
855714971851355549517;3;Moog Inc.;-18.50708785;-70.02931389;III de Atacama;Huasco;28-11-1967;1
1137440296995806071619876165536207476704573506849129647436;3;LM Funding America, Inc.;-37.42139201;-74.82919835;XIV de Los Rios;Rio Bueno;14-11-1954;1
264830956467382466284627632905532849387687473744;3;PrivateBancorp, Inc.;-34.02539502;-69.21071103;II de Antofagasta;Sierra Gorda;05-09-1981;1
121424939937603;1;Coiron;-22.98723402;-73.14125365;XII de Magallanes y de la Antartica Chilena;Rio Verde;05-10-1985;1
161401229798391281197711811682136640049052213537101;2;Microsemi Corporation;-50.65226007;-72.76420235;XII de Magallanes y de la Antartica Chilena;Laguna Blanca;17-03-1989;1
8661644569742943669455140665149466350676314;3;Zion Oil & Gas Inc;-34.75875536;-71.91521087;IV de Coquimbo;Illapel;22-12-1972;1
554192051969253969890285104647249261466155620721310734804211472874562903;2;Western Refining Logistics, LP;-49.9530586;-73.42275068;Metropolitana de Santiago;San Pedro;20-03-1966;1
67796724855649957876432681781365684068541492717907;3;Sierra Oncology, Inc.;-42.85190241;-71.80551464;II de Antofagasta;Antofagasta;22-08-1994;1
545127185729375905738564;1;Dos Amigos;-54.30040972;-71.1931064;III de Atacama;Freirina;01-08-1973;1
1137440296997389600809874989917277396032144319618425905729;3;Abeona Therapeutics Inc.;-46.7224442;-70.81052512;II de Antofagasta;Calama;18-02-1969;1
1250628832449444896010147323187342522270798821212148017410175231223117;3;Merus Labs International Inc.;-24.61575569;-72.93952133;II de Antofagasta;Tocopilla;05-10-1976;1
16996051788196373535220021468490826838617424983927063559358324665923128080098901185174831996451486980533288234346993393534658886;2;First Trust Multi-Asset Diversified Income Index Fund;-54.29723561;-70.04511056;II de Antofagasta;Tocopilla;07-04-2007;1
146793563361271736719310694463649705289;3;Imax Corporation;-53.1657583;-71.94698392;III de Atacama;Freirina;01-08-1968;1
240862351772541263639293764102661704;3;H&R Block, Inc.;-30.42590561;-68.63653997;II de Antofagasta;Taltal;11-06-1986;1
11630184294034796307799228871427259995305262106942578664037881638734;3;Northrop Grumman Corporation;-36.6766771;-73.89200318;V de Valparaiso;Concon;16-04-1951;1
1034495966237205124967830180452579555300960580;3;Diana Shipping inc.;-45.48591239;-70.96372918;XV de Arica y Parinacota;Camarones;25-02-2010;1
4040999701955911986629259498227006686982227;3;Spark Energy, Inc.;-18.22174509;-69.20838488;I de Tarapaca;Pozo Almonte;01-07-1987;1
